-- MySQL dump 10.13  Distrib 8.0.29, for Win64 (x86_64)
--
-- Host: localhost    Database: universidade_sa1
-- ------------------------------------------------------
-- Server version	8.0.29

/*!40101 SET @OLD_CHARACTER_SET_CLIENT=@@CHARACTER_SET_CLIENT */;
/*!40101 SET @OLD_CHARACTER_SET_RESULTS=@@CHARACTER_SET_RESULTS */;
/*!40101 SET @OLD_COLLATION_CONNECTION=@@COLLATION_CONNECTION */;
/*!50503 SET NAMES utf8mb4 */;
/*!40103 SET @OLD_TIME_ZONE=@@TIME_ZONE */;
/*!40103 SET TIME_ZONE='+00:00' */;
/*!40014 SET @OLD_UNIQUE_CHECKS=@@UNIQUE_CHECKS, UNIQUE_CHECKS=0 */;
/*!40014 SET @OLD_FOREIGN_KEY_CHECKS=@@FOREIGN_KEY_CHECKS, FOREIGN_KEY_CHECKS=0 */;
/*!40101 SET @OLD_SQL_MODE=@@SQL_MODE, SQL_MODE='NO_AUTO_VALUE_ON_ZERO' */;
/*!40111 SET @OLD_SQL_NOTES=@@SQL_NOTES, SQL_NOTES=0 */;

--
-- Table structure for table `aluno`
--

DROP TABLE IF EXISTS `aluno`;
/*!40101 SET @saved_cs_client     = @@character_set_client */;
/*!50503 SET character_set_client = utf8mb4 */;
CREATE TABLE `aluno` (
  `RA` int NOT NULL AUTO_INCREMENT,
  `nome_aluno` char(20) DEFAULT NULL,
  `sobrenome_aluno` char(20) DEFAULT NULL,
  `CPF` char(11) DEFAULT NULL,
  `status` tinyint(1) DEFAULT NULL,
  `sexo` char(1) DEFAULT NULL,
  `nome_mae` char(50) DEFAULT NULL,
  `nome_pai` char(50) DEFAULT NULL,
  `email` char(50) DEFAULT NULL,
  `whatsapp` char(20) DEFAULT NULL,
  `fk_cod_curso` int DEFAULT NULL,
  `fk_cod_turma` int DEFAULT NULL,
  `fk_cod_endereco` int DEFAULT NULL,
  PRIMARY KEY (`RA`),
  KEY `fk_cod_curso` (`fk_cod_curso`),
  KEY `fk_cod_turma` (`fk_cod_turma`),
  KEY `fk_cod_endereco` (`fk_cod_endereco`),
  CONSTRAINT `aluno_ibfk_1` FOREIGN KEY (`fk_cod_curso`) REFERENCES `curso` (`cod_curso`),
  CONSTRAINT `aluno_ibfk_2` FOREIGN KEY (`fk_cod_turma`) REFERENCES `turma` (`cod_turma`),
  CONSTRAINT `aluno_ibfk_3` FOREIGN KEY (`fk_cod_endereco`) REFERENCES `endereco` (`cod_endereco`)
) ENGINE=InnoDB DEFAULT CHARSET=utf8mb4 COLLATE=utf8mb4_0900_ai_ci;
/*!40101 SET character_set_client = @saved_cs_client */;

--
-- Dumping data for table `aluno`
--

LOCK TABLES `aluno` WRITE;
/*!40000 ALTER TABLE `aluno` DISABLE KEYS */;
/*!40000 ALTER TABLE `aluno` ENABLE KEYS */;
UNLOCK TABLES;

--
-- Table structure for table `aluno_disciplina`
--

DROP TABLE IF EXISTS `aluno_disciplina`;
/*!40101 SET @saved_cs_client     = @@character_set_client */;
/*!50503 SET character_set_client = utf8mb4 */;
CREATE TABLE `aluno_disciplina` (
  `fk_RA` int NOT NULL,
  `fk_cod_disciplina` int NOT NULL,
  PRIMARY KEY (`fk_RA`,`fk_cod_disciplina`),
  KEY `fk_cod_disciplina` (`fk_cod_disciplina`),
  CONSTRAINT `aluno_disciplina_ibfk_1` FOREIGN KEY (`fk_RA`) REFERENCES `aluno` (`RA`),
  CONSTRAINT `aluno_disciplina_ibfk_2` FOREIGN KEY (`fk_cod_disciplina`) REFERENCES `disciplina` (`cod_disciplina`)
) ENGINE=InnoDB DEFAULT CHARSET=utf8mb4 COLLATE=utf8mb4_0900_ai_ci;
/*!40101 SET character_set_client = @saved_cs_client */;

--
-- Dumping data for table `aluno_disciplina`
--

LOCK TABLES `aluno_disciplina` WRITE;
/*!40000 ALTER TABLE `aluno_disciplina` DISABLE KEYS */;
/*!40000 ALTER TABLE `aluno_disciplina` ENABLE KEYS */;
UNLOCK TABLES;

--
-- Table structure for table `curso`
--

DROP TABLE IF EXISTS `curso`;
/*!40101 SET @saved_cs_client     = @@character_set_client */;
/*!50503 SET character_set_client = utf8mb4 */;
CREATE TABLE `curso` (
  `cod_curso` int NOT NULL AUTO_INCREMENT,
  `nome_curso` char(20) DEFAULT NULL,
  `fk_cod_departamento` int DEFAULT NULL,
  PRIMARY KEY (`cod_curso`),
  KEY `fk_cod_departamento` (`fk_cod_departamento`),
  CONSTRAINT `curso_ibfk_1` FOREIGN KEY (`fk_cod_departamento`) REFERENCES `departamento` (`cod_departamento`)
) ENGINE=InnoDB AUTO_INCREMENT=11 DEFAULT CHARSET=utf8mb4 COLLATE=utf8mb4_0900_ai_ci;
/*!40101 SET character_set_client = @saved_cs_client */;

--
-- Dumping data for table `curso`
--

LOCK TABLES `curso` WRITE;
/*!40000 ALTER TABLE `curso` DISABLE KEYS */;
INSERT INTO `curso` VALUES (1,'Eng. de Software',10),(2,'Análise de Sist.',10),(3,'Biologia',8),(4,'História',6),(5,'Matemática',7),(6,'Eng. Elétrica',7),(7,'Psicologia',6),(8,'Direito',6),(9,'Letras',6),(10,'Agronomia',6);
/*!40000 ALTER TABLE `curso` ENABLE KEYS */;
UNLOCK TABLES;

--
-- Table structure for table `curso_disciplina`
--

DROP TABLE IF EXISTS `curso_disciplina`;
/*!40101 SET @saved_cs_client     = @@character_set_client */;
/*!50503 SET character_set_client = utf8mb4 */;
CREATE TABLE `curso_disciplina` (
  `fk_cod_curso` int NOT NULL,
  `fk_cod_disciplina` int NOT NULL,
  PRIMARY KEY (`fk_cod_curso`,`fk_cod_disciplina`),
  KEY `fk_cod_disciplina` (`fk_cod_disciplina`),
  CONSTRAINT `curso_disciplina_ibfk_1` FOREIGN KEY (`fk_cod_curso`) REFERENCES `curso` (`cod_curso`),
  CONSTRAINT `curso_disciplina_ibfk_2` FOREIGN KEY (`fk_cod_disciplina`) REFERENCES `disciplina` (`cod_disciplina`)
) ENGINE=InnoDB DEFAULT CHARSET=utf8mb4 COLLATE=utf8mb4_0900_ai_ci;
/*!40101 SET character_set_client = @saved_cs_client */;

--
-- Dumping data for table `curso_disciplina`
--

LOCK TABLES `curso_disciplina` WRITE;
/*!40000 ALTER TABLE `curso_disciplina` DISABLE KEYS */;
/*!40000 ALTER TABLE `curso_disciplina` ENABLE KEYS */;
UNLOCK TABLES;

--
-- Table structure for table `departamento`
--

DROP TABLE IF EXISTS `departamento`;
/*!40101 SET @saved_cs_client     = @@character_set_client */;
/*!50503 SET character_set_client = utf8mb4 */;
CREATE TABLE `departamento` (
  `cod_departamento` int NOT NULL AUTO_INCREMENT,
  `nome_departamento` char(20) NOT NULL,
  PRIMARY KEY (`cod_departamento`)
) ENGINE=InnoDB AUTO_INCREMENT=21 DEFAULT CHARSET=utf8mb4 COLLATE=utf8mb4_0900_ai_ci;
/*!40101 SET character_set_client = @saved_cs_client */;

--
-- Dumping data for table `departamento`
--

LOCK TABLES `departamento` WRITE;
/*!40000 ALTER TABLE `departamento` DISABLE KEYS */;
INSERT INTO `departamento` VALUES (6,'Ciências Humanas'),(7,'Matemática'),(8,'Biológicas'),(9,'Estágio'),(10,'Tec. Informação');
/*!40000 ALTER TABLE `departamento` ENABLE KEYS */;
UNLOCK TABLES;

--
-- Table structure for table `disciplina`
--

DROP TABLE IF EXISTS `disciplina`;
/*!40101 SET @saved_cs_client     = @@character_set_client */;
/*!50503 SET character_set_client = utf8mb4 */;
CREATE TABLE `disciplina` (
  `cod_disciplina` int NOT NULL AUTO_INCREMENT,
  `nome_disciplina` char(20) DEFAULT NULL,
  `descricao` char(50) DEFAULT NULL,
  `num_alunos` int NOT NULL,
  `carga_horaria` int NOT NULL,
  `fk_cod_departamento` int DEFAULT NULL,
  PRIMARY KEY (`cod_disciplina`),
  KEY `fk_cod_departamento` (`fk_cod_departamento`),
  CONSTRAINT `disciplina_ibfk_1` FOREIGN KEY (`fk_cod_departamento`) REFERENCES `departamento` (`cod_departamento`)
) ENGINE=InnoDB AUTO_INCREMENT=229 DEFAULT CHARSET=utf8mb4 COLLATE=utf8mb4_0900_ai_ci;
/*!40101 SET character_set_client = @saved_cs_client */;

--
-- Dumping data for table `disciplina`
--

LOCK TABLES `disciplina` WRITE;
/*!40000 ALTER TABLE `disciplina` DISABLE KEYS */;
INSERT INTO `disciplina` VALUES (9,'Raciocínio Lógico','Estruturação de raciocínios e pensamentos',25,58,7),(10,'Psicologia Cognitiva','Estudo da percepção, pensamento e memória.',38,70,6),(11,'Eletrônica Digital','Matriz de contato, portas e funções lógicas',33,420,7),(12,'Programação em C','Estruturas de dados, execução de programa',42,228,10),(202,'Direito Civil','Regras e condutas',15,60,6),(203,'Direito Penal','Poder punitivo',15,60,6),(204,'Direito Const.','Normas Const',15,70,6),(205,'Direito Adm.','Normas adm',15,70,6),(206,'Eng. Rural','Prod. agrícola',10,60,6),(207,'Eng. Florestal','Recursos naturais',10,60,6),(208,'Agricultura','Cultivo e prod de vegetais',10,70,6),(209,'Filosofia','Humano e o saber',16,40,6),(210,'Portugus','Oral e escrita',20,40,6),(211,'Didática','Pedagogia aplicada',20,40,6),(212,'Linguística','Fatos da Linguagem',20,45,6),(213,'Libras','Linguagem Natural',9,20,6),(214,'Ciências Pol.','Noções do Estado',13,40,6),(215,'Sociologia','Ciência da Sociedade',13,40,6),(216,'História','Formação do Pnsamento Histórico',13,50,6),(217,'Estatística','Análise de dados e descrição',15,45,7),(218,'Economia','Bens e serviços',15,40,7),(219,'Pol. Públicas','Ajudar disparidade social',15,40,6),(220,'Geometria','Formas presentes na Natureza',12,42,7),(221,'Álgebra','Matrizes, Sist. Linear, Trigono.',12,40,7),(222,'Redes de Comp.','TCP/IP, Modelo OSI, Redes',18,43,10),(223,'Sist. da Informação','Mecanismos para transmitir informações',18,42,10),(224,'Gestão de Projetos','Planejamento, organização e execução',18,38,10),(225,'Banco de Dados','Dados estruturados e armazenados',18,60,10),(226,'Eng. de Software','Técnica e científica de sistemas',18,40,10),(227,'Algoritmo','Lógica programação',18,40,10),(228,'Sist. Operacionais','Conjuntos de Softwares',18,25,10);
/*!40000 ALTER TABLE `disciplina` ENABLE KEYS */;
UNLOCK TABLES;

--
-- Table structure for table `disciplina_historico`
--

DROP TABLE IF EXISTS `disciplina_historico`;
/*!40101 SET @saved_cs_client     = @@character_set_client */;
/*!50503 SET character_set_client = utf8mb4 */;
CREATE TABLE `disciplina_historico` (
  `fk_cod_historico` int NOT NULL,
  `fk_cod_disciplina` int NOT NULL,
  `nota` float(4,2) DEFAULT NULL,
  `frequencia` int DEFAULT NULL,
  PRIMARY KEY (`fk_cod_historico`,`fk_cod_disciplina`),
  KEY `fk_cod_disciplina` (`fk_cod_disciplina`),
  CONSTRAINT `disciplina_historico_ibfk_1` FOREIGN KEY (`fk_cod_historico`) REFERENCES `historico` (`cod_historico`),
  CONSTRAINT `disciplina_historico_ibfk_2` FOREIGN KEY (`fk_cod_disciplina`) REFERENCES `disciplina` (`cod_disciplina`)
) ENGINE=InnoDB DEFAULT CHARSET=utf8mb4 COLLATE=utf8mb4_0900_ai_ci;
/*!40101 SET character_set_client = @saved_cs_client */;

--
-- Dumping data for table `disciplina_historico`
--

LOCK TABLES `disciplina_historico` WRITE;
/*!40000 ALTER TABLE `disciplina_historico` DISABLE KEYS */;
/*!40000 ALTER TABLE `disciplina_historico` ENABLE KEYS */;
UNLOCK TABLES;

--
-- Table structure for table `endereco`
--

DROP TABLE IF EXISTS `endereco`;
/*!40101 SET @saved_cs_client     = @@character_set_client */;
/*!50503 SET character_set_client = utf8mb4 */;
CREATE TABLE `endereco` (
  `cod_endereco` int NOT NULL AUTO_INCREMENT,
  `nome_rua` char(50) NOT NULL,
  `numero_rua` int NOT NULL,
  `complemento` char(20) DEFAULT NULL,
  `CEP` char(8) NOT NULL,
  `fk_cod_tipo_logradouro` int DEFAULT NULL,
  PRIMARY KEY (`cod_endereco`),
  KEY `fk_cod_tipo_logradouro` (`fk_cod_tipo_logradouro`),
  CONSTRAINT `endereco_ibfk_1` FOREIGN KEY (`fk_cod_tipo_logradouro`) REFERENCES `tipo_logradouro` (`cod_tipo_logradouro`)
) ENGINE=InnoDB DEFAULT CHARSET=utf8mb4 COLLATE=utf8mb4_0900_ai_ci;
/*!40101 SET character_set_client = @saved_cs_client */;

--
-- Dumping data for table `endereco`
--

LOCK TABLES `endereco` WRITE;
/*!40000 ALTER TABLE `endereco` DISABLE KEYS */;
/*!40000 ALTER TABLE `endereco` ENABLE KEYS */;
UNLOCK TABLES;

--
-- Table structure for table `historico`
--

DROP TABLE IF EXISTS `historico`;
/*!40101 SET @saved_cs_client     = @@character_set_client */;
/*!50503 SET character_set_client = utf8mb4 */;
CREATE TABLE `historico` (
  `cod_historico` int NOT NULL AUTO_INCREMENT,
  `dt_inicio` date DEFAULT NULL,
  `dt_fim` date DEFAULT NULL,
  `fk_RA` int DEFAULT NULL,
  PRIMARY KEY (`cod_historico`),
  KEY `fk_RA` (`fk_RA`),
  CONSTRAINT `historico_ibfk_1` FOREIGN KEY (`fk_RA`) REFERENCES `aluno` (`RA`)
) ENGINE=InnoDB DEFAULT CHARSET=utf8mb4 COLLATE=utf8mb4_0900_ai_ci;
/*!40101 SET character_set_client = @saved_cs_client */;

--
-- Dumping data for table `historico`
--

LOCK TABLES `historico` WRITE;
/*!40000 ALTER TABLE `historico` DISABLE KEYS */;
/*!40000 ALTER TABLE `historico` ENABLE KEYS */;
UNLOCK TABLES;

--
-- Table structure for table `professor`
--

DROP TABLE IF EXISTS `professor`;
/*!40101 SET @saved_cs_client     = @@character_set_client */;
/*!50503 SET character_set_client = utf8mb4 */;
CREATE TABLE `professor` (
  `cod_professor` int NOT NULL AUTO_INCREMENT,
  `nome` char(20) NOT NULL,
  `sobrenome` char(50) NOT NULL,
  `status` tinyint(1) DEFAULT NULL,
  `fk_cod_departamento` int DEFAULT NULL,
  PRIMARY KEY (`cod_professor`),
  KEY `fk_cod_departamento` (`fk_cod_departamento`),
  CONSTRAINT `professor_ibfk_1` FOREIGN KEY (`fk_cod_departamento`) REFERENCES `departamento` (`cod_departamento`)
) ENGINE=InnoDB AUTO_INCREMENT=11 DEFAULT CHARSET=utf8mb4 COLLATE=utf8mb4_0900_ai_ci;
/*!40101 SET character_set_client = @saved_cs_client */;

--
-- Dumping data for table `professor`
--

LOCK TABLES `professor` WRITE;
/*!40000 ALTER TABLE `professor` DISABLE KEYS */;
INSERT INTO `professor` VALUES (1,'Mariana','Dias',1,8),(2,'Fenando','Rodrigues',1,10),(3,'Diogo','Nunes Silva',1,7),(4,'André','Cardoso Santos',1,6),(5,'Luísa','Fonseca',1,6),(6,'Alice','Duarte Diniz',1,7),(7,'João Paulo','Mendes Lopes',0,NULL),(8,'Francisco','Oliveira',0,NULL),(9,'Margarida','Henriques',1,10),(10,'Miguel','Correia',0,NULL);
/*!40000 ALTER TABLE `professor` ENABLE KEYS */;
UNLOCK TABLES;

--
-- Table structure for table `professor_disciplina`
--

DROP TABLE IF EXISTS `professor_disciplina`;
/*!40101 SET @saved_cs_client     = @@character_set_client */;
/*!50503 SET character_set_client = utf8mb4 */;
CREATE TABLE `professor_disciplina` (
  `fk_cod_professor` int NOT NULL,
  `fk_cod_disciplina` int NOT NULL,
  PRIMARY KEY (`fk_cod_professor`,`fk_cod_disciplina`),
  KEY `fk_cod_disciplina` (`fk_cod_disciplina`),
  CONSTRAINT `professor_disciplina_ibfk_1` FOREIGN KEY (`fk_cod_professor`) REFERENCES `professor` (`cod_professor`),
  CONSTRAINT `professor_disciplina_ibfk_2` FOREIGN KEY (`fk_cod_disciplina`) REFERENCES `disciplina` (`cod_disciplina`)
) ENGINE=InnoDB DEFAULT CHARSET=utf8mb4 COLLATE=utf8mb4_0900_ai_ci;
/*!40101 SET character_set_client = @saved_cs_client */;

--
-- Dumping data for table `professor_disciplina`
--

LOCK TABLES `professor_disciplina` WRITE;
/*!40000 ALTER TABLE `professor_disciplina` DISABLE KEYS */;
/*!40000 ALTER TABLE `professor_disciplina` ENABLE KEYS */;
UNLOCK TABLES;

--
-- Table structure for table `telefone`
--

DROP TABLE IF EXISTS `telefone`;
/*!40101 SET @saved_cs_client     = @@character_set_client */;
/*!50503 SET character_set_client = utf8mb4 */;
CREATE TABLE `telefone` (
  `cod_telefone` int NOT NULL AUTO_INCREMENT,
  `num_telefone` char(20) DEFAULT NULL,
  `fk_cod_tipo` int DEFAULT NULL,
  PRIMARY KEY (`cod_telefone`),
  KEY `fk_cod_tipo` (`fk_cod_tipo`),
  CONSTRAINT `telefone_ibfk_1` FOREIGN KEY (`fk_cod_tipo`) REFERENCES `tipo_telefone` (`cod_tipo`)
) ENGINE=InnoDB AUTO_INCREMENT=2 DEFAULT CHARSET=utf8mb4 COLLATE=utf8mb4_0900_ai_ci;
/*!40101 SET character_set_client = @saved_cs_client */;

--
-- Dumping data for table `telefone`
--

LOCK TABLES `telefone` WRITE;
/*!40000 ALTER TABLE `telefone` DISABLE KEYS */;
INSERT INTO `telefone` VALUES (1,'61995426389',7);
/*!40000 ALTER TABLE `telefone` ENABLE KEYS */;
UNLOCK TABLES;

--
-- Table structure for table `telefone_aluno`
--

DROP TABLE IF EXISTS `telefone_aluno`;
/*!40101 SET @saved_cs_client     = @@character_set_client */;
/*!50503 SET character_set_client = utf8mb4 */;
CREATE TABLE `telefone_aluno` (
  `cod_tel_aluno` int NOT NULL AUTO_INCREMENT,
  `fk_RA` int DEFAULT NULL,
  `fk_cod_telefone` int DEFAULT NULL,
  PRIMARY KEY (`cod_tel_aluno`),
  KEY `fk_RA` (`fk_RA`),
  KEY `fk_cod_telefone` (`fk_cod_telefone`),
  CONSTRAINT `telefone_aluno_ibfk_1` FOREIGN KEY (`fk_RA`) REFERENCES `aluno` (`RA`),
  CONSTRAINT `telefone_aluno_ibfk_2` FOREIGN KEY (`fk_cod_telefone`) REFERENCES `telefone` (`cod_telefone`)
) ENGINE=InnoDB DEFAULT CHARSET=utf8mb4 COLLATE=utf8mb4_0900_ai_ci;
/*!40101 SET character_set_client = @saved_cs_client */;

--
-- Dumping data for table `telefone_aluno`
--

LOCK TABLES `telefone_aluno` WRITE;
/*!40000 ALTER TABLE `telefone_aluno` DISABLE KEYS */;
/*!40000 ALTER TABLE `telefone_aluno` ENABLE KEYS */;
UNLOCK TABLES;

--
-- Table structure for table `tipo_logradouro`
--

DROP TABLE IF EXISTS `tipo_logradouro`;
/*!40101 SET @saved_cs_client     = @@character_set_client */;
/*!50503 SET character_set_client = utf8mb4 */;
CREATE TABLE `tipo_logradouro` (
  `cod_tipo_logradouro` int NOT NULL AUTO_INCREMENT,
  `tipo_logradouro` char(11) DEFAULT NULL,
  PRIMARY KEY (`cod_tipo_logradouro`)
) ENGINE=InnoDB DEFAULT CHARSET=utf8mb4 COLLATE=utf8mb4_0900_ai_ci;
/*!40101 SET character_set_client = @saved_cs_client */;

--
-- Dumping data for table `tipo_logradouro`
--

LOCK TABLES `tipo_logradouro` WRITE;
/*!40000 ALTER TABLE `tipo_logradouro` DISABLE KEYS */;
/*!40000 ALTER TABLE `tipo_logradouro` ENABLE KEYS */;
UNLOCK TABLES;

--
-- Table structure for table `tipo_telefone`
--

DROP TABLE IF EXISTS `tipo_telefone`;
/*!40101 SET @saved_cs_client     = @@character_set_client */;
/*!50503 SET character_set_client = utf8mb4 */;
CREATE TABLE `tipo_telefone` (
  `cod_tipo` int NOT NULL AUTO_INCREMENT,
  `tipo_telefone` char(8) DEFAULT NULL,
  PRIMARY KEY (`cod_tipo`)
) ENGINE=InnoDB AUTO_INCREMENT=10 DEFAULT CHARSET=utf8mb4 COLLATE=utf8mb4_0900_ai_ci;
/*!40101 SET character_set_client = @saved_cs_client */;

--
-- Dumping data for table `tipo_telefone`
--

LOCK TABLES `tipo_telefone` WRITE;
/*!40000 ALTER TABLE `tipo_telefone` DISABLE KEYS */;
INSERT INTO `tipo_telefone` VALUES (7,'Celular'),(8,'Resid.'),(9,'Comerc.');
/*!40000 ALTER TABLE `tipo_telefone` ENABLE KEYS */;
UNLOCK TABLES;

--
-- Table structure for table `turma`
--

DROP TABLE IF EXISTS `turma`;
/*!40101 SET @saved_cs_client     = @@character_set_client */;
/*!50503 SET character_set_client = utf8mb4 */;
CREATE TABLE `turma` (
  `cod_turma` int NOT NULL AUTO_INCREMENT,
  `periodo` char(8) DEFAULT NULL,
  `dt_inicio` date DEFAULT NULL,
  `dt_fim` date DEFAULT NULL,
  `num_alunos` int DEFAULT NULL,
  `fk_cod_curso` int DEFAULT NULL,
  PRIMARY KEY (`cod_turma`),
  KEY `fk_cod_curso` (`fk_cod_curso`),
  CONSTRAINT `turma_ibfk_1` FOREIGN KEY (`fk_cod_curso`) REFERENCES `curso` (`cod_curso`)
) ENGINE=InnoDB DEFAULT CHARSET=utf8mb4 COLLATE=utf8mb4_0900_ai_ci;
/*!40101 SET character_set_client = @saved_cs_client */;

--
-- Dumping data for table `turma`
--

LOCK TABLES `turma` WRITE;
/*!40000 ALTER TABLE `turma` DISABLE KEYS */;
/*!40000 ALTER TABLE `turma` ENABLE KEYS */;
UNLOCK TABLES;
/*!40103 SET TIME_ZONE=@OLD_TIME_ZONE */;

/*!40101 SET SQL_MODE=@OLD_SQL_MODE */;
/*!40014 SET FOREIGN_KEY_CHECKS=@OLD_FOREIGN_KEY_CHECKS */;
/*!40014 SET UNIQUE_CHECKS=@OLD_UNIQUE_CHECKS */;
/*!40101 SET CHARACTER_SET_CLIENT=@OLD_CHARACTER_SET_CLIENT */;
/*!40101 SET CHARACTER_SET_RESULTS=@OLD_CHARACTER_SET_RESULTS */;
/*!40101 SET COLLATION_CONNECTION=@OLD_COLLATION_CONNECTION */;
/*!40111 SET SQL_NOTES=@OLD_SQL_NOTES */;

-- Dump completed on 2022-06-09 19:43:08
